material,description,supplier,country_of_origin,unit_cost_eur,margin_pct,inventory_on_hand,safety_stock,avg_daily_demand,lead_time_days,shelf_life_days,days_on_hand,expected_price_change_pct,sole_source,incoterm,in_transit_units,in_transit_arrival_days
API001,Intermediate API,Lupin China,CN,436.37,49.9,187,211,2.8,88,609,67.1,5.7,N,CFR,58,58
API002,Bulk API,Esteve,ES,299.56,18.2,968,1260,16.7,62,1064,58.0,2.7,N,FCA,153,31
API003,Sterile API,Merck KGaA,DE,357.37,52.2,1753,1013,19.4,38,642,90.4,0.9,Y,FCA,115,27
API004,Micronized API,Pfizer CentreOne,US,190.56,56.6,1577,770,16.3,43,615,96.8,2.1,N,DAP,0,0
API005,Crystalline Form,Hutchison MediPharma,CN,367.32,54.0,2008,372,9.7,57,900,207.0,7.7,N,CFR,116,38
API006,Bulk API,Croda International,GB,63.87,36.8,238,414,5.1,45,571,46.7,-0.2,N,DDP,0,0
API007,Sterile API,Aurobindo Pharma,IN,402.75,48.2,573,348,8.7,75,588,65.9,6.6,N,CFR,70,40
API008,Intermediate API,Aurobindo Pharma,IN,221.46,30.1,93,458,13.0,41,1059,7.2,9.0,N,CFR,66,39
API009,Intermediate API,Zhejiang Huahai,CN,252.21,28.6,89,160,2.8,82,705,31.8,3.8,N,FOB,72,63
API010,Crystalline Form,Esteve,ES,312.84,47.5,283,84,2.6,45,718,109.0,-1.4,Y,FCA,28,11
API011,Intermediate API,Sumitomo,JP,206.09,44.5,115,82,1.4,86,584,82.8,0.9,N,DAP,0,0
API012,Intermediate API,Zhejiang Hisun,IN,170.14,31.6,1107,341,10.9,47,1023,101.6,7.5,Y,CFR,50,33
API013,Bulk API,DSM,NL,377.15,53.4,152,131,3.0,83,839,50.9,3.0,N,EXW,75,29
API014,Crystalline Form,Caldic BV,NL,165.18,61.8,176,230,4.1,17,1021,43.1,3.3,N,EXW,22,11
API015,Sterile API,Solvay,BE,347.75,33.7,124,128,2.8,70,670,44.4,3.0,Y,DAP,0,0
API016,Crystalline Form,BASF SE,DE,443.55,24.8,516,609,6.9,73,617,74.9,-0.6,Y,EXW,66,51
API017,Active Ingredient,Bayer,DE,362.42,44.1,200,350,4.8,75,610,41.8,3.6,Y,EXW,71,26
API018,Sterile API,Cipla Bulk,IN,178.9,61.2,71,102,1.5,56,615,47.9,11.7,N,CIF,15,52
API019,Active Ingredient,Lupin China,CN,403.14,15.9,66,241,3.1,77,826,21.3,10.7,N,CFR,43,34
API020,Crystalline Form,Ercros,ES,440.37,37.7,2270,426,5.7,31,596,398.3,1.6,Y,FCA,24,26
API021,Micronized API,UCB,BE,464.44,23.3,441,236,6.4,25,569,69.0,-1.7,Y,FCA,39,18
API022,Crystalline Form,Janssen,BE,443.75,57.6,229,79,1.8,27,848,127.3,-1.7,N,DAP,0,0
API023,Crystalline Form,UCB,BE,95.75,56.7,396,71,2.0,84,1027,198.4,2.8,N,EXW,49,55
API024,Crystalline Form,Evonik,DE,281.4,57.9,807,670,9.8,43,615,82.4,0.5,N,DAP,0,0
API025,Intermediate API,AkzoNobel,NL,214.88,31.4,881,392,8.2,66,1034,107.5,-0.0,N,EXW,126,56
API026,Crystalline Form,Lupin China,CN,334.81,29.4,1053,1075,15.0,29,871,70.2,9.3,Y,CFR,41,27
API027,Bulk API,DSM,DE,410.4,44.7,1205,1379,15.9,74,858,75.8,1.7,Y,DAP,0,0
API028,Crystalline Form,Aurobindo Pharma,IN,259.69,41.1,362,922,15.5,74,1042,23.4,3.2,Y,CIF,108,50
API029,Active Ingredient,Esteve,ES,352.05,31.7,966,836,18.1,71,709,53.4,-1.1,Y,DAP,0,0
API030,Intermediate API,Esteve,ES,378.36,42.6,1415,1104,18.8,73,1072,75.3,3.7,N,DAP,0,0
API031,Bulk API,Bayer,DE,336.68,21.1,1314,375,12.2,66,985,107.7,0.8,N,DAP,0,0
API032,Sterile API,Janssen,BE,401.58,20.5,1721,935,19.9,80,597,86.5,2.0,N,EXW,417,11
API033,Sterile API,Eternal Materials,US,158.37,22.2,1390,1337,15.8,29,559,88.0,2.5,Y,FCA,115,24
API034,Active Ingredient,DuPont,US,410.43,61.4,1150,1260,15.7,67,607,73.3,9.5,N,FCA,270,57
API035,Intermediate API,DSM,DE,136.87,28.5,1229,967,14.5,88,872,84.8,3.3,Y,DAP,0,0
API036,Active Ingredient,Evonik,DE,132.59,64.0,807,661,9.7,73,618,83.2,-0.2,N,EXW,173,52
API037,Sterile API,Cipla Bulk,IN,116.8,40.4,667,323,8.7,50,690,76.7,6.3,N,FOB,109,33
API038,Bulk API,Ercros,ES,314.74,30.9,174,99,1.7,45,849,102.6,2.2,N,DAP,0,0
API039,Micronized API,Cipla Bulk,IN,192.3,54.4,1595,770,11.4,46,816,139.9,10.9,N,CFR,124,25
API040,Bulk API,Lupin China,CN,426.82,39.7,269,257,3.2,19,691,84.2,3.7,N,CIF,8,15
API041,Intermediate API,Merck KGaA,DE,435.45,33.6,19,145,3.9,59,1057,5.0,2.6,N,DAP,0,0
API042,Micronized API,Dr Reddy's,IN,224.53,47.0,110,73,1.2,29,629,91.7,11.9,N,CIF,6,25
API043,Active Ingredient,Formosa Plastics,TW,251.71,34.6,285,140,2.5,71,621,114.1,3.4,N,FOB,19,20
API044,Micronized API,DSM,NL,313.9,39.7,211,209,2.6,32,890,81.2,2.6,N,EXW,9,14
API045,Sterile API,Janssen,BE,267.16,53.4,965,1454,17.2,52,999,56.2,1.0,N,DAP,0,0
API046,Crystalline Form,Croda International,GB,229.35,60.9,1215,654,13.0,27,553,93.5,0.7,N,FCA,62,18
API047,Micronized API,DSM,NL,335.2,64.1,1076,968,12.8,50,929,84.1,2.7,N,FCA,202,10
API048,Sterile API,Hutchison MediPharma,CN,298.9,47.7,2338,917,19.4,88,944,120.5,3.2,N,CFR,148,69
API049,Sterile API,Alpek Polyester,MX,259.24,63.9,521,308,8.8,74,973,59.3,2.9,N,FCA,71,30
API050,Micronized API,BASF SE,DE,370.97,53.7,1410,1358,17.4,70,666,81.0,3.1,N,DAP,0,0
API051,Intermediate API,DSM,DE,354.78,16.5,421,604,8.6,82,1000,49.0,3.1,N,EXW,123,50
API052,Sterile API,AkzoNobel,NL,134.42,19.2,947,588,7.5,68,700,126.3,-1.2,N,EXW,124,67
API053,Intermediate API,Divi's Labs,IN,226.57,60.8,493,539,10.4,24,649,47.4,6.5,Y,CFR,46,11
API054,Micronized API,LG Chem,KR,293.39,29.2,1566,891,18.0,31,825,87.1,7.9,N,FOB,146,12
API055,Micronized API,DSM,NL,119.95,58.7,453,496,6.4,56,776,70.8,4.0,N,FCA,96,46
API056,Bulk API,Hutchison MediPharma,CN,302.98,20.1,922,814,13.4,86,559,68.9,3.0,N,CFR,100,24
API057,Active Ingredient,DSM,DE,282.24,30.6,202,106,2.0,22,917,101.2,-0.2,N,EXW,8,12
API058,Sterile API,BASF SE,DE,50.55,40.4,682,575,10.3,39,994,66.2,-0.1,N,EXW,64,21
API059,Micronized API,Dr Reddy's,IN,198.83,61.5,145,138,1.9,49,565,76.5,11.2,Y,CIF,7,13
API060,Crystalline Form,BASF SE,DE,158.74,43.5,1198,369,12.2,78,874,98.3,2.6,Y,DAP,0,0
API061,Crystalline Form,DuPont,US,463.46,37.7,649,646,12.5,88,711,52.0,8.0,N,FCA,169,39
API062,Active Ingredient,Bayer,DE,205.92,16.0,484,297,4.1,69,711,118.2,1.6,N,DAP,0,0
API063,Intermediate API,Evonik,DE,361.89,23.6,773,320,10.6,89,1076,73.0,-1.2,N,FCA,305,78
API064,Bulk API,Cipla Bulk,IN,72.73,44.7,474,529,6.6,101,861,71.9,10.7,Y,CIF,52,41
API065,Intermediate API,Croda International,GB,354.93,51.3,790,1050,11.8,71,817,67.0,2.8,Y,DAP,0,0
API066,Active Ingredient,Esteve,ES,450.35,34.8,881,1227,14.0,25,647,63.0,3.5,N,DAP,0,0
API067,Sterile API,AkzoNobel,NL,380.07,58.9,67,610,8.2,53,962,8.2,-1.4,N,EXW,141,46
API068,Bulk API,Evonik,DE,384.62,16.2,1424,1433,19.6,42,753,72.7,1.7,N,FCA,201,20
API069,Intermediate API,Cipla Bulk,IN,260.44,24.8,683,310,8.2,43,909,83.4,11.5,N,FOB,56,8
API070,Bulk API,Eternal Materials,US,140.94,24.3,893,496,10.9,49,800,82.0,8.5,N,DAP,0,0
API071,Bulk API,Flamma,IT,163.6,29.7,1529,1303,15.5,80,1070,98.7,-1.6,N,FCA,166,27
API072,Sterile API,Merck KGaA,DE,327.54,42.1,415,162,4.1,33,855,101.2,-0.2,N,DAP,0,0
API073,Active Ingredient,UCB,BE,392.01,53.6,339,182,4.9,85,594,69.4,3.1,N,EXW,60,38
API074,Micronized API,AkzoNobel,NL,433.1,58.7,207,332,7.4,54,627,28.0,3.3,N,DAP,0,0
API075,Sterile API,Zhejiang Huahai,CN,270.77,41.5,2557,424,11.2,47,1054,228.3,11.5,N,CFR,56,28
API076,Active Ingredient,DSM,NL,103.53,60.8,583,411,7.1,60,827,82.2,3.9,N,DAP,0,0
API077,Bulk API,Hutchison MediPharma,CN,260.94,22.6,2021,610,18.5,39,969,109.3,9.5,N,FOB,215,12
API078,Crystalline Form,Esteve,ES,51.04,64.7,477,362,6.3,18,622,75.9,0.4,N,FCA,37,9
API079,Micronized API,Hutchison MediPharma,CN,346.98,45.0,807,505,10.0,86,20,80.7,2.4,N,CFR,134,77
API080,Bulk API,Formosa Plastics,TW,289.14,48.0,722,348,6.7,86,757,107.9,2.3,N,FOB,130,78
API081,Intermediate API,Cipla Bulk,IN,233.67,37.0,223,238,3.4,20,897,65.6,5.3,Y,CFR,7,16
API082,Crystalline Form,Eternal Materials,US,350.53,21.5,517,291,6.2,24,1031,83.5,7.4,N,FCA,40,23
API083,Crystalline Form,AkzoNobel,NL,194.22,63.8,531,269,8.6,66,1012,61.8,0.7,N,FCA,189,57
API084,Active Ingredient,UCB,BE,270.42,46.6,646,618,7.3,32,995,88.6,2.5,N,EXW,68,25
API085,Bulk API,Olon SpA,IT,340.17,29.5,656,322,5.9,58,980,111.4,-1.0,N,DAP,0,0
API086,Sterile API,BASF SE,DE,408.88,57.0,249,132,3.6,72,1079,69.3,-1.1,N,EXW,53,46
API087,Active Ingredient,Alpek Polyester,MX,81.34,21.9,1036,1329,16.0,34,600,64.8,-0.9,N,DAP,0,0
API088,Crystalline Form,Johnson Matthey,GB,358.77,47.6,2266,1207,19.8,89,933,114.5,-0.1,N,FCA,379,40
API089,Bulk API,Bayer,DE,209.0,54.4,1612,923,16.8,76,944,96.0,0.9,N,DAP,0,0
API090,Sterile API,DSM,DE,93.24,22.7,833,368,11.1,19,775,75.1,-1.8,N,EXW,55,16
API091,Micronized API,BASF SE,DE,437.36,56.2,793,398,11.2,76,938,70.9,2.5,N,FCA,192,58
API092,Bulk API,Janssen,BE,143.77,52.6,331,133,3.3,20,984,100.5,3.9,N,EXW,8,14
API093,Intermediate API,Esteve,ES,443.79,63.8,1160,761,17.6,28,0,65.9,1.4,N,FCA,117,24
API094,Active Ingredient,Evonik,DE,320.7,39.3,206,445,5.9,45,843,35.0,-0.4,N,EXW,61,17
API095,Intermediate API,Divi's Labs,IN,79.74,15.1,451,343,5.0,81,1020,90.3,6.8,N,FOB,135,9
API096,Bulk API,Dr Reddy's,IN,355.79,25.7,247,160,2.9,29,612,85.5,5.2,N,CFR,11,6
API097,Active Ingredient,Janssen,BE,324.72,25.3,3325,644,17.9,84,602,185.8,-1.3,N,FCA,470,64
API098,Sterile API,Croda International,GB,69.88,35.1,641,465,7.2,86,631,89.2,1.0,N,FCA,138,83
API099,Intermediate API,Esteve,ES,313.14,21.4,759,256,7.1,28,858,106.9,0.5,N,FCA,41,19
API100,Intermediate API,Sumitomo,JP,198.17,37.6,228,820,11.8,49,713,19.4,0.3,N,DAP,0,0
API101,Crystalline Form,Bayer,DE,375.4,34.5,367,384,5.1,56,986,72.1,1.6,N,FCA,76,7
API102,Sterile API,Esteve,ES,310.54,15.2,118,108,1.7,65,941,69.5,1.0,N,FCA,23,5
API103,Sterile API,Hutchison MediPharma,CN,445.44,33.7,762,463,11.7,34,808,65.1,11.7,N,CIF,96,29
API104,Sterile API,Aurobindo Pharma,IN,218.51,20.1,212,1047,16.4,50,867,13.0,5.7,N,FOB,167,10
API105,Active Ingredient,Zhejiang Huahai,CN,177.98,30.2,666,1077,17.6,15,912,37.9,8.7,Y,FOB,51,11
API106,Crystalline Form,Olon SpA,IT,146.45,22.0,445,164,4.6,40,758,96.9,3.8,N,DAP,0,0
API107,Crystalline Form,Merck KGaA,DE,442.13,46.7,568,295,9.2,46,1076,61.8,-1.8,N,EXW,116,17
API108,Sterile API,DSM,DE,426.86,20.9,137,82,2.1,77,1034,65.6,0.4,N,FCA,34,9
API109,Sterile API,LG Chem,KR,135.21,29.3,1910,1583,19.3,21,988,99.0,10.4,N,CIF,97,7
API110,Crystalline Form,Croda International,GB,454.51,63.6,1020,826,14.4,50,735,70.9,-1.5,N,DAP,0,0
API111,Crystalline Form,Merck KGaA,DE,250.73,61.5,355,497,12.6,16,1066,28.2,1.1,N,DAP,0,0
API112,Micronized API,Alpek Polyester,MX,156.36,17.5,360,162,3.9,18,1032,92.4,1.8,N,DAP,0,0
API113,Crystalline Form,Zhejiang Huahai,CN,438.86,62.4,759,331,7.6,20,1050,99.9,9.7,N,FOB,35,7
API114,Sterile API,Solvay,BE,352.78,36.7,47,212,5.3,68,641,8.9,1.0,Y,EXW,82,37
API115,Bulk API,Formosa Plastics,TW,268.83,38.9,998,590,9.0,91,884,111.0,3.9,Y,CIF,27,17
API116,Micronized API,Merck KGaA,DE,341.68,54.1,703,740,9.1,62,727,77.3,2.0,N,DAP,0,0
API117,Bulk API,SK Bioscience,KR,241.29,55.6,416,610,10.6,69,942,39.3,4.0,Y,CFR,136,52
API118,Active Ingredient,Caldic BV,NL,480.22,22.7,373,296,4.8,36,950,77.9,-0.9,N,EXW,32,19
API119,Bulk API,Bayer,DE,188.75,21.4,545,393,11.5,67,962,47.4,2.9,N,FCA,163,55
API120,Bulk API,Solvay,BE,260.37,34.6,438,273,5.6,71,610,78.3,-0.2,N,FCA,76,20
API121,Crystalline Form,Zhejiang Huahai,CN,274.07,47.1,1210,1169,17.5,89,1030,69.1,6.6,N,FOB,187,6
API122,Intermediate API,Olon SpA,IT,305.68,42.6,1584,735,16.9,22,997,93.7,3.2,N,FCA,119,10
API123,Active Ingredient,Esteve,ES,322.83,61.9,1849,358,7.5,56,645,246.6,3.7,Y,FCA,84,47
API124,Bulk API,Caldic BV,NL,415.39,28.2,852,1300,18.4,24,667,46.3,3.8,N,DAP,0,0
API125,Bulk API,DSM,NL,244.63,27.7,606,827,15.7,72,24,38.7,1.4,Y,EXW,393,7
API126,Micronized API,Johnson Matthey,GB,90.07,34.8,765,628,15.2,42,761,50.4,3.2,N,DDP,0,0
API127,Intermediate API,Divi's Labs,IN,492.34,35.6,420,389,8.7,84,947,48.3,6.7,Y,FOB,109,19
API128,Micronized API,AkzoNobel,NL,458.42,55.1,469,276,6.1,34,1049,77.0,-0.7,N,FCA,64,16
API129,Crystalline Form,BASF SE,DE,337.66,54.1,81,405,5.0,83,662,16.4,3.2,Y,FCA,73,53
API130,Micronized API,Evonik,DE,472.33,51.4,359,579,9.4,80,983,38.2,-0.3,N,FCA,97,22
API131,Intermediate API,Flamma,IT,312.19,34.8,1414,716,16.0,83,906,88.4,-0.9,N,DAP,0,0
API132,Micronized API,SK Bioscience,KR,463.04,64.2,806,449,7.7,62,590,104.8,10.8,N,CIF,61,49
API133,Sterile API,Esteve,ES,447.59,30.1,1312,1035,15.6,39,987,84.1,-0.7,Y,DAP,0,0
API134,Intermediate API,Divi's Labs,IN,74.84,32.4,1684,935,17.4,16,567,96.8,4.6,N,CFR,63,13
API135,Active Ingredient,DuPont,US,289.08,54.0,266,180,5.7,31,923,46.8,9.4,N,FCA,41,17
API136,Bulk API,Cipla Bulk,IN,449.63,55.6,377,292,7.6,57,25,49.7,5.3,N,CIF,47,16
API137,Sterile API,BASF SE,DE,82.09,64.5,148,191,2.4,24,958,61.8,3.3,N,FCA,14,14
API138,Intermediate API,Esteve,ES,260.44,23.5,1802,631,16.1,33,994,111.9,2.1,N,DAP,0,0
API139,Active Ingredient,Eternal Materials,US,394.26,30.4,298,431,5.1,66,847,58.6,7.5,N,FCA,85,42
API140,Micronized API,Evonik,DE,353.64,49.1,106,130,2.4,47,660,44.6,2.5,N,FCA,17,39
API141,Intermediate API,Johnson Matthey,GB,262.65,40.0,1027,761,12.8,84,865,80.3,-1.6,N,DDP,0,0
API142,Sterile API,Flamma,IT,272.08,38.4,1937,788,19.3,48,591,100.4,0.6,Y,DAP,0,0
API143,Bulk API,Lupin China,CN,64.47,43.5,288,156,3.9,85,716,74.0,6.1,N,FOB,96,23
API144,Micronized API,Flamma,IT,432.38,64.9,420,238,5.3,35,854,79.3,3.9,N,FCA,42,24
API145,Sterile API,Pfizer CentreOne,US,141.74,41.4,1914,947,16.8,37,1071,114.0,10.0,N,DDP,0,0
API146,Crystalline Form,Solvay,BE,302.35,40.3,687,981,13.1,45,718,52.5,-0.9,Y,EXW,184,22
API147,Micronized API,DSM,NL,299.29,16.1,472,485,7.0,27,575,67.5,1.5,Y,DAP,0,0
API148,Active Ingredient,DuPont,US,322.95,37.2,773,734,9.4,19,545,82.2,11.0,Y,FCA,42,7
API149,Intermediate API,Caldic BV,NL,376.17,45.0,2296,917,19.1,51,734,120.2,-1.7,N,EXW,183,37
API150,Crystalline Form,Ercros,ES,324.68,53.8,908,593,16.4,68,865,55.4,-1.7,N,DAP,0,0
API151,Micronized API,AkzoNobel,NL,236.27,23.8,1504,702,16.7,84,549,90.1,3.7,N,EXW,144,65
API152,Sterile API,Eternal Materials,US,297.65,18.9,1019,1143,17.1,60,848,59.6,9.4,Y,FCA,121,45
API153,Crystalline Form,Pfizer CentreOne,US,279.42,30.6,1810,1011,19.4,69,658,93.3,11.4,N,DAP,0,0
API154,Sterile API,Caldic BV,NL,220.19,57.6,433,479,5.6,61,914,77.4,-1.1,N,DAP,0,0
API155,Active Ingredient,Evonik,DE,202.88,18.6,305,471,10.0,71,996,30.6,3.1,N,DAP,0,0
API156,Crystalline Form,LG Chem,KR,102.15,59.3,583,403,10.3,24,565,56.6,3.4,N,CIF,38,12
API157,Sterile API,Johnson Matthey,GB,64.42,45.7,651,295,8.1,63,674,80.4,0.4,N,FCA,154,26
API158,Active Ingredient,Cipla Bulk,IN,281.81,32.2,797,692,9.0,21,552,88.6,9.6,N,CIF,24,17
API159,Active Ingredient,Dr Reddy's,IN,491.45,17.1,378,368,9.5,55,1073,39.9,6.5,Y,FOB,162,21
API160,Sterile API,Alpek Polyester,MX,263.69,21.5,148,91,2.0,85,588,74.3,3.6,N,FCA,38,82
API161,Sterile API,Olon SpA,IT,251.71,29.0,1863,1069,17.3,43,640,107.7,-1.8,N,DAP,0,0
API162,Bulk API,Esteve,ES,356.02,24.1,1262,708,13.8,34,927,91.5,0.2,N,FCA,146,21
API163,Intermediate API,DuPont,US,67.54,39.7,259,254,3.4,32,975,76.3,8.1,N,DAP,0,0
API164,Sterile API,Lupin China,CN,496.76,32.1,289,254,4.1,53,871,70.7,11.3,Y,FOB,36,6
API165,Bulk API,DSM,NL,64.76,29.0,99,249,4.7,42,717,21.1,-1.8,Y,EXW,29,32
API166,Sterile API,Formosa Plastics,TW,276.9,41.6,635,531,7.0,72,1023,90.7,2.6,N,CIF,109,25
API167,Sterile API,Mitsui Chemicals,JP,497.42,53.5,190,89,2.8,63,971,68.0,3.1,N,CIF,17,21
API168,Intermediate API,Merck KGaA,DE,169.35,34.6,731,420,9.1,80,770,80.4,1.0,N,EXW,148,24
API169,Crystalline Form,Olon SpA,IT,208.37,43.3,1187,404,8.9,76,963,133.4,3.0,N,FCA,91,42
API170,Crystalline Form,Zhejiang Huahai,CN,168.55,61.5,184,234,3.2,56,862,57.6,2.7,N,CIF,29,18
API171,Bulk API,Dr Reddy's,IN,471.67,59.7,413,293,4.5,38,779,91.9,3.0,Y,CIF,42,20
API172,Sterile API,Flamma,IT,89.49,20.7,1004,914,18.7,86,784,53.7,-0.9,N,DAP,0,0
API173,Sterile API,Eternal Materials,US,367.37,18.4,137,85,1.7,63,590,80.9,9.5,N,FCA,34,12
API174,Crystalline Form,Solvay,BE,183.59,18.0,228,425,8.0,33,681,28.6,0.3,N,DAP,0,0
API175,Micronized API,UCB,BE,397.34,33.9,142,748,12.2,87,968,11.7,0.6,Y,EXW,291,85
API176,Crystalline Form,Merck KGaA,DE,106.95,52.6,819,870,10.6,68,870,77.3,3.1,N,EXW,228,7
API177,Bulk API,Croda International,GB,437.16,47.4,1031,453,9.0,98,650,114.6,3.3,Y,FCA,73,9
API178,Bulk API,Alpek Polyester,MX,368.68,45.5,241,220,6.8,36,563,35.4,2.4,Y,FCA,82,28
API179,Intermediate API,Olon SpA,IT,196.09,41.1,143,771,9.2,59,582,15.6,-0.9,N,DAP,0,0
API180,Active Ingredient,Solvay,BE,128.54,53.2,496,332,10.4,83,757,47.7,-0.4,Y,FCA,299,21
API181,Intermediate API,Aurobindo Pharma,IN,311.2,33.8,1404,930,16.7,24,1008,84.1,7.7,N,CFR,36,8
API182,Micronized API,Merck KGaA,DE,179.63,51.2,143,184,2.3,79,552,62.3,3.1,Y,DAP,0,0
API183,Intermediate API,Johnson Matthey,GB,407.99,39.4,1004,409,10.5,89,567,95.7,3.3,N,DDP,0,0
API184,Bulk API,Zhejiang Hisun,IN,168.49,35.9,851,461,8.0,53,704,106.4,5.7,N,FOB,58,46
API185,Micronized API,Evonik,DE,431.45,26.9,300,128,3.9,14,1073,77.1,2.5,Y,EXW,6,10
API186,Intermediate API,Hutchison MediPharma,CN,54.92,44.8,2228,819,19.8,33,839,112.6,9.9,N,CFR,135,29
API187,Crystalline Form,Caldic BV,NL,183.84,31.5,1237,1654,18.7,65,830,66.2,-1.4,N,EXW,193,36
API188,Bulk API,DSM,DE,105.73,24.9,217,1302,15.5,21,577,14.0,1.8,N,DAP,0,0
API189,Micronized API,Hutchison MediPharma,CN,313.78,31.1,1302,926,14.2,86,776,91.7,12.0,N,FOB,171,21
API190,Micronized API,Johnson Matthey,GB,307.21,17.5,555,566,8.7,58,928,63.8,2.7,N,DAP,0,0
API191,Crystalline Form,Croda International,GB,95.54,28.7,577,778,11.0,80,859,52.5,2.4,N,FCA,270,49
API192,Sterile API,Dr Reddy's,IN,250.81,58.2,942,765,14.7,53,617,64.1,5.7,N,CFR,187,29
API193,Intermediate API,Bayer,DE,417.08,34.2,519,575,15.7,75,1057,33.1,-1.7,N,FCA,389,66
API194,Crystalline Form,Croda International,GB,145.28,56.0,989,745,10.5,16,987,94.2,-1.7,N,DAP,0,0
API195,Crystalline Form,Sumitomo,JP,339.04,38.1,391,322,9.0,23,991,43.5,-0.6,Y,CIF,35,8
API196,Crystalline Form,Bayer,DE,215.64,46.3,1639,1551,18.3,25,987,89.6,1.7,N,EXW,118,18
API197,Crystalline Form,LG Chem,KR,401.66,33.9,115,72,1.2,52,723,96.2,7.3,N,FOB,12,50
API198,Micronized API,Evonik,DE,182.28,42.2,643,913,10.5,62,914,61.3,-0.4,Y,FCA,140,6
API199,Micronized API,Divi's Labs,IN,282.46,45.2,683,305,8.5,17,1077,80.4,7.6,Y,CIF,30,14
API200,Crystalline Form,Johnson Matthey,GB,363.53,57.9,98,104,3.3,84,581,30.0,-2.0,N,DAP,0,0
INT201,Reaction Intermediate,Janssen,BE,129.24,35.1,2376,1083,23.5,81,688,101.1,0.4,Y,FCA,638,77
INT202,Stabilized Intermediate,Esteve,ES,130.48,52.7,91,129,2.9,24,599,31.6,3.3,N,DAP,0,0
INT203,Purification Intermediate,Flamma,IT,89.65,39.7,629,396,7.5,79,675,84.0,-0.6,N,FCA,197,47
INT204,Catalyst Complex,Esteve,ES,105.37,29.4,700,350,8.8,20,586,79.6,0.6,N,DAP,0,0
INT205,Stabilized Intermediate,AkzoNobel,NL,73.64,50.8,389,1270,23.3,57,677,16.7,2.8,N,FCA,353,49
INT206,Synthesis Intermediate,Formosa Plastics,TW,209.06,52.2,399,525,14.7,84,398,27.2,3.0,N,CIF,182,36
INT207,Reaction Intermediate,DSM,NL,207.28,59.8,382,154,4.0,57,521,95.6,0.8,N,EXW,55,31
INT208,Purification Intermediate,Lupin China,CN,105.1,55.0,1842,1121,25.9,25,626,71.1,8.7,N,FOB,106,15
INT209,Purification Intermediate,LG Chem,KR,222.66,64.3,1769,1398,26.5,26,501,66.8,8.9,N,CFR,117,13
INT210,Synthesis Intermediate,Zhejiang Hisun,IN,226.35,26.5,330,400,6.8,62,449,48.6,10.6,Y,CIF,49,33
INT211,Reaction Intermediate,Formosa Plastics,TW,152.43,40.6,182,895,24.6,41,626,7.4,-1.2,N,CIF,148,37
INT212,Catalyst Complex,Evonik,DE,152.11,31.7,807,261,9.6,48,614,84.1,-1.4,N,FCA,143,12
INT213,Purification Intermediate,UCB,BE,75.38,24.3,433,461,15.9,16,661,27.3,3.3,Y,EXW,76,14
INT214,Catalyst Complex,Cipla Bulk,IN,145.52,47.6,2655,903,27.7,21,700,95.9,8.8,N,FOB,180,20
INT215,Stabilized Intermediate,Zhejiang Huahai,CN,40.75,52.7,926,482,11.9,63,408,77.9,3.0,Y,CIF,141,25
INT216,Reaction Intermediate,Caldic BV,NL,181.11,42.0,1223,1506,28.2,43,626,43.4,3.1,N,DAP,0,0
INT217,Catalyst Complex,Cipla Bulk,IN,179.49,53.5,2735,673,30.0,51,402,91.2,5.3,N,FOB,432,13
INT218,Purification Intermediate,BASF SE,DE,222.11,49.7,22,131,3.1,16,574,7.3,3.5,N,FCA,8,12
INT219,Stabilized Intermediate,LG Chem,KR,192.6,38.3,974,405,8.2,75,522,118.8,10.3,N,FOB,166,50
INT220,Purification Intermediate,Cipla Bulk,IN,111.78,17.3,2702,900,24.0,46,435,112.6,4.3,N,CIF,100,36
INT221,Synthesis Intermediate,Ercros,ES,209.31,31.0,2378,1077,23.2,85,629,102.5,0.5,N,FCA,456,30
INT222,Reaction Intermediate,Merck KGaA,DE,57.25,35.5,2079,377,17.6,84,524,118.2,-0.5,Y,EXW,191,22
INT223,Synthesis Intermediate,Ercros,ES,30.22,23.1,441,152,4.6,90,439,96.1,3.6,Y,FCA,32,11
INT224,Synthesis Intermediate,DSM,DE,165.89,45.5,2938,1745,29.6,20,584,99.3,0.3,N,DAP,0,0
INT225,Stabilized Intermediate,DSM,DE,113.41,47.4,1699,1656,29.1,18,613,58.4,1.2,Y,EXW,140,10
INT226,Synthesis Intermediate,DSM,DE,217.97,16.7,1703,442,21.8,89,602,78.2,1.5,Y,FCA,525,54
INT227,Synthesis Intermediate,Dr Reddy's,IN,75.68,43.2,1550,1037,26.7,64,390,58.1,2.1,N,CFR,423,18
INT228,Reaction Intermediate,Hutchison MediPharma,CN,92.39,35.9,831,647,11.1,74,415,75.0,3.5,N,CIF,193,40
INT229,Reaction Intermediate,Bayer,DE,84.55,60.7,2417,583,24.3,87,452,99.5,-0.1,N,EXW,361,52
INT230,Purification Intermediate,DSM,NL,173.18,21.4,2489,1483,28.1,52,615,88.6,3.3,N,EXW,370,18
INT231,Reaction Intermediate,Aurobindo Pharma,IN,83.08,18.0,1024,772,17.4,26,655,58.9,7.5,N,CIF,79,14
INT232,Purification Intermediate,Aurobindo Pharma,IN,245.43,19.9,776,750,25.2,59,390,30.8,7.9,N,CIF,146,9
INT233,Stabilized Intermediate,Caldic BV,NL,197.66,49.9,448,567,9.8,94,477,45.8,0.4,Y,FCA,187,34
INT234,Purification Intermediate,Aurobindo Pharma,IN,61.08,28.3,2156,916,26.1,59,383,82.6,4.3,N,CIF,381,43
INT235,Reaction Intermediate,Evonik,DE,169.82,34.0,1545,1057,27.9,72,591,55.4,-0.5,N,FCA,646,11
INT236,Reaction Intermediate,Aurobindo Pharma,IN,165.21,39.8,1554,552,19.3,25,575,80.5,4.4,N,FOB,154,12
INT237,Reaction Intermediate,Ercros,ES,190.96,37.4,310,131,2.5,87,672,124.2,0.0,N,DAP,0,0
INT238,Catalyst Complex,Aurobindo Pharma,IN,88.81,26.1,405,266,5.2,64,473,78.0,6.5,N,CFR,57,59
INT239,Stabilized Intermediate,Sumitomo,JP,242.21,38.3,248,117,3.3,20,703,75.3,3.8,N,CIF,13,14
INT240,Stabilized Intermediate,Cipla Bulk,IN,172.21,24.3,1531,854,28.3,36,596,54.1,8.3,N,CIF,109,25
INT241,Reaction Intermediate,DSM,NL,103.12,31.6,770,407,14.7,28,406,52.4,3.7,N,EXW,85,25
INT242,Synthesis Intermediate,Evonik,DE,188.7,53.1,1922,1307,25.6,18,469,75.1,4.0,Y,FCA,53,15
INT243,Purification Intermediate,Lupin China,CN,218.86,24.2,202,68,2.0,59,427,101.2,2.7,N,CIF,10,54
INT244,Catalyst Complex,UCB,BE,242.16,22.1,2165,1047,22.0,59,427,98.4,1.6,Y,DAP,0,0
INT245,Purification Intermediate,Zhejiang Hisun,IN,246.61,48.9,227,107,3.1,79,542,73.2,4.6,N,CIF,40,17
INT246,Synthesis Intermediate,DSM,DE,189.94,58.2,427,166,6.0,35,559,71.2,1.9,N,FCA,41,21
INT247,Stabilized Intermediate,BASF SE,DE,197.53,61.1,1613,1582,27.7,63,361,58.3,-1.3,Y,EXW,216,25
INT248,Reaction Intermediate,Zhejiang Hisun,IN,159.85,22.3,1863,469,22.9,40,479,81.4,10.1,N,FOB,265,29
INT249,Purification Intermediate,Zhejiang Huahai,CN,72.86,47.4,1060,379,15.5,47,395,68.4,3.3,Y,FOB,246,16
INT250,Synthesis Intermediate,UCB,BE,227.62,43.1,2814,681,27.7,36,484,101.6,3.3,N,FCA,217,35
INT251,Synthesis Intermediate,AkzoNobel,NL,38.21,55.2,442,204,4.8,37,388,92.3,-1.6,N,DAP,0,0
INT252,Reaction Intermediate,Flamma,IT,80.18,24.4,2374,599,23.4,86,574,101.5,2.3,N,FCA,555,71
INT253,Catalyst Complex,Johnson Matthey,GB,53.16,48.2,177,68,2.9,34,589,61.3,0.5,N,FCA,12,17
INT254,Synthesis Intermediate,Janssen,BE,157.39,39.6,522,783,15.6,87,532,33.5,3.7,Y,DAP,0,0
INT255,Stabilized Intermediate,DSM,NL,188.11,17.4,178,162,3.7,15,696,48.1,1.3,N,DAP,0,0
INT256,Stabilized Intermediate,Cipla Bulk,IN,44.07,51.9,399,158,4.9,20,516,81.5,10.0,N,CIF,17,17
INT257,Synthesis Intermediate,Pfizer CentreOne,US,79.07,62.2,1126,288,9.7,15,486,116.1,10.8,N,DDP,0,0
INT258,Synthesis Intermediate,Caldic BV,NL,104.83,56.1,2144,256,6.4,21,646,335.0,2.6,N,EXW,26,5
INT259,Catalyst Complex,BASF SE,DE,139.01,32.8,1080,833,17.7,50,474,61.1,1.5,N,FCA,220,19
INT260,Purification Intermediate,Janssen,BE,172.43,21.8,1294,306,14.3,81,418,90.5,0.5,N,DAP,0,0
INT261,Synthesis Intermediate,Mitsui Chemicals,JP,239.94,29.3,2435,1111,26.3,84,606,92.6,3.7,N,DAP,0,0
INT262,Synthesis Intermediate,Ercros,ES,60.42,49.9,3029,1453,29.3,16,386,103.4,2.2,Y,FCA,122,5
INT263,Stabilized Intermediate,Croda International,GB,223.16,55.6,456,659,16.4,33,597,27.9,1.1,Y,DAP,0,0
INT264,Purification Intermediate,Merck KGaA,DE,81.06,46.0,2269,1296,24.0,18,483,94.6,0.4,N,FCA,59,11
INT265,Stabilized Intermediate,DuPont,US,210.75,43.1,1874,526,17.6,88,562,106.5,5.2,N,DDP,0,0
INT266,Stabilized Intermediate,Merck KGaA,DE,88.09,24.4,210,170,3.1,41,604,67.9,-0.0,N,EXW,38,29
INT267,Reaction Intermediate,Merck KGaA,DE,247.99,54.1,2352,589,28.3,82,522,83.1,-2.0,N,FCA,399,62
INT268,Reaction Intermediate,Zhejiang Huahai,CN,96.28,30.5,2607,1102,29.1,47,507,89.6,6.3,N,CFR,301,43
INT269,Synthesis Intermediate,Zhejiang Hisun,IN,185.15,56.9,1171,889,17.8,67,628,65.8,7.0,N,CIF,214,5
INT270,Purification Intermediate,Pfizer CentreOne,US,58.41,55.8,2179,788,22.1,71,509,98.6,2.0,N,DAP,0,0
INT271,Synthesis Intermediate,Lupin China,CN,139.24,55.5,2000,1231,21.1,35,715,94.8,11.2,N,CIF,153,23
INT272,Synthesis Intermediate,BASF SE,DE,198.38,41.0,2014,926,26.3,22,515,76.6,-1.1,Y,EXW,179,13
INT273,Synthesis Intermediate,BASF SE,DE,66.16,50.3,1966,1061,24.3,31,469,80.9,1.3,N,FCA,242,10
INT274,Synthesis Intermediate,Janssen,BE,135.62,64.9,511,283,5.2,78,483,98.4,-0.2,N,EXW,121,41
INT275,Synthesis Intermediate,Zhejiang Hisun,IN,186.44,40.2,2941,1608,27.3,28,669,107.8,10.4,N,CFR,101,22
INT276,Catalyst Complex,Bayer,DE,128.06,31.1,1281,387,12.8,76,386,100.1,2.8,N,FCA,194,56
INT277,Catalyst Complex,Hutchison MediPharma,CN,136.53,54.0,895,337,10.2,75,391,87.8,12.0,Y,FOB,242,66
INT278,Catalyst Complex,LG Chem,KR,93.1,21.5,1216,918,16.0,30,411,76.0,4.0,N,CFR,56,21
INT279,Stabilized Intermediate,Dr Reddy's,IN,162.56,49.7,507,400,12.2,26,583,41.6,6.5,N,CIF,70,19
INT280,Catalyst Complex,Divi's Labs,IN,177.94,47.1,408,427,7.3,22,509,56.0,2.6,N,FOB,49,8
INT281,Catalyst Complex,Croda International,GB,36.65,55.8,300,346,6.9,17,500,43.6,3.2,N,DAP,0,0
INT282,Catalyst Complex,Caldic BV,NL,98.03,25.2,797,287,10.9,20,380,73.2,3.5,N,FCA,70,15
INT283,Catalyst Complex,Ercros,ES,58.29,34.0,1449,804,18.1,96,484,80.1,3.3,Y,FCA,133,25
INT284,Catalyst Complex,Caldic BV,NL,192.33,23.6,1378,380,13.9,51,485,99.2,1.7,N,FCA,138,6
INT285,Synthesis Intermediate,Evonik,DE,195.43,36.2,298,218,10.4,17,566,28.7,-1.6,N,DAP,0,0
INT286,Stabilized Intermediate,Evonik,DE,177.42,37.0,4289,1137,22.6,79,631,189.8,3.0,N,FCA,504,64
INT287,Purification Intermediate,Flamma,IT,143.29,57.6,583,732,14.1,76,449,41.3,2.5,N,FCA,357,69
INT288,Reaction Intermediate,Divi's Labs,IN,66.8,63.7,876,471,9.1,69,436,96.3,10.6,N,CFR,104,10
INT289,Stabilized Intermediate,Caldic BV,NL,98.11,25.0,331,167,4.4,52,527,75.2,-0.4,N,DAP,0,0
INT290,Catalyst Complex,DSM,NL,66.32,64.4,1011,335,11.2,20,644,90.3,0.0,N,DAP,0,0
INT291,Stabilized Intermediate,Divi's Labs,IN,241.48,49.0,5422,987,24.9,74,388,217.8,11.6,N,CFR,174,62
INT292,Reaction Intermediate,Mitsui Chemicals,JP,145.46,61.4,1632,981,28.9,23,439,56.5,-1.9,N,CIF,70,15
INT293,Purification Intermediate,Divi's Labs,IN,121.36,28.7,226,77,2.4,29,367,94.2,8.7,Y,CFR,13,27
INT294,Reaction Intermediate,Hutchison MediPharma,CN,60.26,43.2,300,131,3.7,46,460,81.2,10.4,N,CFR,35,30
INT295,Purification Intermediate,Merck KGaA,DE,149.9,28.5,1016,503,11.2,85,583,90.8,0.8,N,EXW,164,40
INT296,Synthesis Intermediate,Zhejiang Hisun,IN,204.91,29.1,1477,972,21.1,62,623,70.0,4.4,N,CIF,167,29
INT297,Catalyst Complex,Solvay,BE,162.85,26.0,1568,1182,24.5,47,529,64.0,2.1,Y,DAP,0,0
INT298,Synthesis Intermediate,Solvay,BE,101.31,43.2,263,355,9.2,61,433,28.7,-1.3,Y,DAP,0,0
INT299,Reaction Intermediate,Esteve,ES,239.64,16.0,1274,775,13.7,68,526,93.1,-1.8,N,FCA,323,58
INT300,Purification Intermediate,Mitsui Chemicals,JP,61.34,48.2,153,934,16.4,53,471,9.4,-1.2,N,CIF,97,11
INT301,Synthesis Intermediate,Zhejiang Hisun,IN,112.36,48.4,2827,1038,24.8,80,544,114.0,10.7,N,CIF,289,34
INT302,Reaction Intermediate,Janssen,BE,149.87,48.0,1813,770,14.1,30,692,128.6,1.4,N,EXW,99,25
INT303,Synthesis Intermediate,DuPont,US,158.94,40.5,49,91,3.0,51,593,16.6,2.9,N,DAP,0,0
INT304,Purification Intermediate,DSM,DE,71.99,45.4,323,198,7.0,81,675,46.3,0.6,N,FCA,192,76
INT305,Synthesis Intermediate,Evonik,DE,247.6,62.3,377,163,5.0,44,610,75.4,0.1,N,FCA,26,24
INT306,Catalyst Complex,BASF SE,DE,61.54,62.7,63,170,6.1,53,432,10.4,-1.2,Y,EXW,72,36
INT307,Synthesis Intermediate,Ercros,ES,81.53,33.6,163,154,4.0,30,718,40.8,0.5,N,FCA,14,13
INT308,Purification Intermediate,DSM,NL,50.95,37.7,432,559,11.5,27,666,37.6,1.2,N,FCA,45,15
INT309,Purification Intermediate,BASF SE,DE,88.03,23.6,2566,1192,28.0,17,450,91.6,-1.5,N,FCA,133,7
INT310,Stabilized Intermediate,AkzoNobel,NL,228.52,54.8,2992,1325,28.5,63,685,105.0,0.1,N,FCA,466,36
INT311,Catalyst Complex,Ercros,ES,216.3,33.9,1849,1253,25.0,47,692,74.0,-0.4,N,DAP,0,0
INT312,Synthesis Intermediate,AkzoNobel,NL,110.68,50.9,1552,1197,28.6,64,658,54.3,-0.2,N,FCA,619,28
INT313,Purification Intermediate,SK Bioscience,KR,65.54,44.3,622,165,5.3,73,687,117.5,5.9,N,FOB,101,33
INT314,Catalyst Complex,BASF SE,DE,119.45,47.5,848,688,18.1,25,458,46.9,-0.1,N,FCA,106,23
INT315,Reaction Intermediate,Cipla Bulk,IN,69.19,20.0,1903,642,23.4,77,476,81.3,8.2,N,CIF,354,70
INT316,Purification Intermediate,AkzoNobel,NL,153.14,30.3,3235,1328,27.4,21,689,118.1,-0.1,N,EXW,176,17
INT317,Catalyst Complex,Lupin China,CN,159.69,58.3,990,632,10.9,50,679,90.9,12.0,N,CIF,57,28
INT318,Purification Intermediate,Flamma,IT,229.9,51.6,1515,792,19.6,46,367,77.3,3.1,N,DAP,0,0
INT319,Catalyst Complex,Hutchison MediPharma,CN,146.37,16.7,1079,383,12.7,50,608,85.0,6.2,N,CFR,77,29
INT320,Reaction Intermediate,Ercros,ES,157.79,15.3,1624,1042,27.4,19,548,59.3,3.2,N,FCA,103,13
INT321,Synthesis Intermediate,Bayer,DE,148.03,38.0,1820,1728,28.9,67,644,63.0,1.7,N,DAP,0,0
INT322,Purification Intermediate,Alpek Polyester,MX,227.74,51.3,358,220,5.6,67,650,64.0,-1.2,Y,DAP,0,0
INT323,Reaction Intermediate,DSM,DE,47.77,51.2,1216,545,17.5,113,402,69.5,-0.9,Y,EXW,169,19
INT324,Purification Intermediate,DSM,DE,194.16,52.6,647,277,7.3,18,611,88.7,0.7,N,FCA,16,12
INT325,Purification Intermediate,DSM,NL,45.66,63.8,2125,435,21.2,27,415,100.3,3.2,N,DAP,0,0
INT326,Synthesis Intermediate,Evonik,DE,86.27,63.8,144,147,2.9,69,421,49.8,3.2,N,DAP,0,0
INT327,Purification Intermediate,Croda International,GB,202.26,56.4,1103,745,15.3,52,667,72.1,-0.8,Y,DAP,0,0
INT328,Reaction Intermediate,UCB,BE,71.09,41.5,1071,545,25.7,19,704,41.7,3.8,N,FCA,157,8
INT329,Stabilized Intermediate,Hutchison MediPharma,CN,142.6,36.1,1397,1246,24.8,74,670,56.3,2.4,N,FOB,369,64
INT330,Reaction Intermediate,Dr Reddy's,IN,108.18,45.8,368,147,5.6,82,437,65.8,8.0,N,FOB,55,10
INT331,Catalyst Complex,Evonik,DE,208.11,35.1,794,599,14.5,58,529,54.8,4.0,N,EXW,157,5
INT332,Catalyst Complex,Johnson Matthey,GB,236.8,46.4,1195,503,16.6,74,583,72.0,2.7,N,FCA,384,32
INT333,Stabilized Intermediate,Hutchison MediPharma,CN,166.08,17.9,940,169,7.6,55,662,123.8,3.0,N,CFR,100,8
INT334,Reaction Intermediate,Pfizer CentreOne,US,34.01,16.2,876,409,16.3,75,622,53.8,9.7,N,DDP,0,0
INT335,Purification Intermediate,Eternal Materials,US,213.11,24.1,69,86,3.9,63,608,17.7,5.1,N,DAP,0,0
INT336,Catalyst Complex,Lupin China,CN,149.21,48.0,7506,726,29.4,70,571,255.3,6.3,Y,FOB,351,12
INT337,Synthesis Intermediate,Johnson Matthey,GB,159.92,23.5,2099,1245,22.3,28,547,94.2,-0.6,N,FCA,136,24
INT338,Reaction Intermediate,UCB,BE,188.43,44.1,486,309,7.6,71,489,64.0,-0.9,N,EXW,156,15
INT339,Purification Intermediate,Hutchison MediPharma,CN,194.25,16.0,577,420,9.6,49,495,60.1,3.6,N,FOB,90,7
INT340,Catalyst Complex,Evonik,DE,200.55,41.7,216,97,2.4,14,424,90.3,-0.6,N,EXW,8,8
INT341,Catalyst Complex,AkzoNobel,NL,82.11,16.5,325,564,10.6,82,567,30.7,3.0,N,FCA,138,27
INT342,Catalyst Complex,Bayer,DE,223.14,60.6,320,179,5.1,48,559,62.9,3.1,Y,FCA,84,33
INT343,Synthesis Intermediate,Dr Reddy's,IN,103.54,22.4,1768,974,18.4,17,509,96.1,11.7,N,CFR,34,6
INT344,Stabilized Intermediate,Aurobindo Pharma,IN,81.8,60.3,354,211,9.8,63,595,36.1,4.4,N,FOB,189,61
INT345,Stabilized Intermediate,Flamma,IT,203.89,27.1,1511,1337,26.2,35,463,57.7,1.1,N,DAP,0,0
INT346,Reaction Intermediate,Formosa Plastics,TW,53.59,28.6,551,477,12.0,50,637,46.0,0.7,Y,FOB,152,25
INT347,Synthesis Intermediate,Ercros,ES,71.3,52.8,809,446,11.0,58,403,73.6,-0.2,Y,DAP,0,0
INT348,Stabilized Intermediate,Esteve,ES,197.9,27.3,479,224,4.4,45,624,109.0,2.3,N,FCA,53,14
INT349,Catalyst Complex,Lupin China,CN,173.87,39.1,1359,751,16.1,20,491,84.4,2.3,Y,CFR,79,12
INT350,Synthesis Intermediate,Janssen,BE,245.6,27.6,1909,508,22.3,35,360,85.6,-0.5,N,FCA,223,28
EXCIP351,Hypromellose,Evonik,DE,79.26,27.1,4091,958,48.4,75,1263,84.5,1.3,Y,EXW,885,26
EXCIP352,Hypromellose,Eternal Materials,US,32.31,57.4,3566,637,36.7,76,774,97.2,9.9,N,FCA,871,74
EXCIP353,Croscarmellose Sodium,Hutchison MediPharma,CN,73.46,47.2,6516,3997,133.7,31,865,48.7,11.8,N,CIF,637,9
EXCIP354,Magnesium Stearate,Solvay,BE,51.73,61.2,5597,5331,148.1,63,1337,37.8,-1.4,N,EXW,3203,55
EXCIP355,Magnesium Stearate,Dr Reddy's,IN,29.23,29.3,2241,823,29.0,55,875,77.3,8.4,N,FOB,518,10
EXCIP356,Lactose Monohydrate,Dr Reddy's,IN,29.82,24.8,2134,1338,47.1,34,-2,45.3,2.5,N,FOB,296,25
EXCIP357,Lactose Monohydrate,DSM,NL,5.07,38.7,1430,695,15.5,34,874,92.3,0.8,N,EXW,163,28
EXCIP358,Microcrystalline Cellulose,Evonik,DE,36.25,58.5,7751,4302,133.5,22,1214,58.1,0.7,N,FCA,354,14
EXCIP359,Magnesium Stearate,Lupin China,CN,70.62,28.7,2224,515,32.1,37,1195,69.3,3.1,Y,FOB,158,7
EXCIP360,Microcrystalline Cellulose,Eternal Materials,US,8.49,53.0,9371,2879,113.2,89,1046,82.8,9.3,N,DDP,0,0
EXCIP361,Hypromellose,AkzoNobel,NL,69.09,35.0,7005,3041,103.6,44,1278,67.6,0.7,N,EXW,845,19
EXCIP362,Magnesium Stearate,DSM,DE,11.48,36.4,3137,1296,33.4,40,1160,93.9,1.4,N,FCA,198,17
EXCIP363,Microcrystalline Cellulose,Flamma,IT,38.51,42.2,2203,810,47.4,60,8,46.5,1.6,N,FCA,575,22
EXCIP364,Croscarmellose Sodium,Mitsui Chemicals,JP,22.75,60.5,8460,1886,114.4,65,1179,74.0,-0.6,N,CIF,1579,22
EXCIP365,Magnesium Stearate,BASF SE,DE,51.28,58.4,1147,787,25.5,28,1067,45.0,1.3,N,EXW,145,27
EXCIP366,Croscarmellose Sodium,DSM,DE,42.62,40.2,11023,3915,139.1,52,1194,79.3,-0.7,N,DAP,0,0
EXCIP367,Magnesium Stearate,Divi's Labs,IN,5.33,37.3,371,301,10.8,19,918,34.4,5.1,N,CIF,51,17
EXCIP368,Mannitol,Dr Reddy's,IN,70.1,30.9,10220,4083,114.9,24,732,89.0,11.6,N,FOB,493,8
EXCIP369,Mannitol,Olon SpA,IT,61.85,36.8,1682,1132,39.2,17,1245,42.9,1.6,N,DAP,0,0
EXCIP370,Mannitol,Ercros,ES,43.81,49.0,5892,2257,81.1,85,890,72.7,1.2,N,DAP,0,0
EXCIP371,Lactose Monohydrate,Lupin China,CN,54.87,50.2,6002,1376,67.6,44,1286,88.8,7.9,N,CFR,389,31
EXCIP372,Croscarmellose Sodium,Zhejiang Huahai,CN,66.99,18.7,847,226,11.5,23,1025,73.7,6.3,N,CIF,38,10
EXCIP373,Microcrystalline Cellulose,Aurobindo Pharma,IN,63.16,25.1,2248,2108,112.4,75,1403,20.0,8.3,N,CFR,707,24
EXCIP374,Croscarmellose Sodium,Olon SpA,IT,25.36,53.8,3213,2444,102.7,22,1038,31.3,0.6,N,DAP,0,0
EXCIP375,Croscarmellose Sodium,Dr Reddy's,IN,43.95,42.7,6018,1094,41.1,65,827,146.4,8.0,N,CIF,368,56
EXCIP376,Croscarmellose Sodium,Eternal Materials,US,57.13,34.7,46373,3512,150.0,31,913,309.2,6.8,N,FCA,721,18
EXCIP377,Magnesium Stearate,Hutchison MediPharma,CN,26.64,24.0,10014,4277,133.0,67,807,75.3,4.2,N,FOB,1159,33
EXCIP378,Croscarmellose Sodium,Esteve,ES,29.3,55.7,33434,4891,114.8,64,1000,291.2,-0.3,Y,DAP,0,0
EXCIP379,Magnesium Stearate,Flamma,IT,21.21,39.2,8457,4161,110.3,35,1287,76.7,1.8,N,FCA,534,15
EXCIP380,Croscarmellose Sodium,Hutchison MediPharma,CN,19.09,57.9,1056,779,17.5,59,1296,60.4,9.8,N,CFR,197,42
EXCIP381,Lactose Monohydrate,Zhejiang Huahai,CN,78.55,26.4,2135,960,43.1,79,1234,49.6,3.6,Y,CFR,553,23
EXCIP382,Croscarmellose Sodium,AkzoNobel,NL,32.78,30.9,964,486,14.4,61,948,67.0,1.5,N,FCA,178,31
EXCIP383,Mannitol,Zhejiang Huahai,CN,73.3,26.2,2848,1295,53.5,26,1175,53.2,11.2,N,CIF,135,5
EXCIP384,Lactose Monohydrate,DuPont,US,31.65,44.8,3694,1203,41.3,26,1162,89.5,8.6,N,DDP,0,0
EXCIP385,Microcrystalline Cellulose,Evonik,DE,37.97,53.7,10563,2738,101.1,67,1102,104.5,2.4,N,DAP,0,0
EXCIP386,Magnesium Stearate,DSM,NL,42.99,39.3,2159,4007,94.1,47,1352,22.9,1.8,N,FCA,1115,23
EXCIP387,Microcrystalline Cellulose,Dr Reddy's,IN,5.56,57.6,1731,551,16.5,53,1364,104.9,10.8,N,CFR,183,16
EXCIP388,Croscarmellose Sodium,BASF SE,DE,34.85,27.3,12444,5979,149.8,31,1425,83.1,0.5,N,FCA,1112,8
EXCIP389,Croscarmellose Sodium,Caldic BV,NL,46.22,45.1,1102,353,17.8,26,824,62.0,1.1,N,FCA,118,12
EXCIP390,Magnesium Stearate,DSM,NL,27.07,32.2,7565,3268,73.4,52,1071,103.1,0.1,Y,EXW,1066,13
EXCIP391,Microcrystalline Cellulose,Esteve,ES,74.98,35.7,7982,5161,119.7,45,1016,66.7,0.1,N,FCA,1029,44
EXCIP392,Mannitol,Johnson Matthey,GB,53.26,56.4,36427,3115,130.7,56,1162,278.7,0.7,N,DDP,0,0
EXCIP393,Croscarmellose Sodium,DSM,NL,67.75,23.6,5557,4122,95.7,71,1387,58.1,2.6,N,EXW,770,38
EXCIP394,Lactose Monohydrate,Cipla Bulk,IN,37.37,42.7,2946,2463,87.4,17,1380,33.7,5.0,N,CIF,163,7
EXCIP395,Croscarmellose Sodium,Pfizer CentreOne,US,9.15,17.0,4058,1406,41.8,78,949,97.1,5.3,N,DDP,0,0
EXCIP396,Magnesium Stearate,DuPont,US,41.25,59.7,5077,860,48.8,64,876,104.0,2.0,Y,DDP,0,0
EXCIP397,Magnesium Stearate,Dr Reddy's,IN,27.63,64.6,11942,3884,141.5,23,1248,84.4,9.5,N,CIF,329,10
EXCIP398,Lactose Monohydrate,Hutchison MediPharma,CN,67.79,17.3,2606,714,34.4,17,1083,75.8,8.6,N,CFR,85,5
EXCIP399,Mannitol,Evonik,DE,6.7,41.5,7857,4499,135.3,57,808,58.1,3.3,N,FCA,2649,28
EXCIP400,Microcrystalline Cellulose,UCB,BE,45.72,27.9,2013,981,34.1,26,734,59.0,3.6,Y,DAP,0,0
EXCIP401,Magnesium Stearate,BASF SE,DE,23.38,63.1,10308,3913,137.5,44,747,75.0,-1.3,N,DAP,0,0
EXCIP402,Lactose Monohydrate,Bayer,DE,12.41,20.1,5868,1478,77.3,47,858,75.9,2.8,N,EXW,1194,22
EXCIP403,Croscarmellose Sodium,Lupin China,CN,18.81,20.4,4085,1366,71.3,56,940,57.3,6.6,N,CFR,762,30
EXCIP404,Mannitol,AkzoNobel,NL,66.64,39.0,1408,731,18.7,33,1350,75.3,0.5,N,FCA,127,10
EXCIP405,Microcrystalline Cellulose,Divi's Labs,IN,71.42,33.4,1322,698,17.0,38,1073,77.8,10.8,N,CFR,142,33
EXCIP406,Hypromellose,Esteve,ES,48.3,51.0,2072,1526,34.9,69,1430,59.4,-0.8,N,DAP,0,0
EXCIP407,Croscarmellose Sodium,Zhejiang Huahai,CN,28.03,45.4,5263,2309,56.5,48,1268,93.2,11.9,N,CFR,328,16
EXCIP408,Lactose Monohydrate,Evonik,DE,51.0,51.3,8544,1936,57.0,14,852,149.9,0.6,N,EXW,129,8
EXCIP409,Magnesium Stearate,Janssen,BE,8.0,60.9,5144,1178,67.0,38,1341,76.8,-1.1,Y,FCA,347,24
EXCIP410,Mannitol,Sumitomo,JP,30.79,53.3,4742,2260,114.0,32,1278,41.6,2.0,N,CIF,806,12
EXCIP411,Mannitol,Bayer,DE,48.68,29.9,1670,738,19.7,68,866,84.8,2.5,N,EXW,354,46
EXCIP412,Magnesium Stearate,DuPont,US,49.67,35.8,3223,2091,60.9,76,822,52.9,10.8,N,DDP,0,0
EXCIP413,Hypromellose,Esteve,ES,67.12,30.8,3071,481,30.3,89,1188,101.4,-0.5,N,FCA,756,23
EXCIP414,Hypromellose,Zhejiang Huahai,CN,57.25,54.2,3214,1400,36.5,32,857,88.1,11.3,N,CIF,205,15
EXCIP415,Magnesium Stearate,Flamma,IT,35.87,30.6,3250,902,55.6,66,864,58.5,-1.1,N,FCA,874,49
EXCIP416,Microcrystalline Cellulose,Solvay,BE,21.99,55.9,2653,1184,47.5,72,1243,55.9,-1.8,N,FCA,1162,14
EXCIP417,Magnesium Stearate,Ercros,ES,63.91,15.3,7694,6114,140.5,63,1388,54.8,0.1,N,DAP,0,0
EXCIP418,Microcrystalline Cellulose,Esteve,ES,37.02,51.6,1999,483,22.9,77,831,87.3,2.9,Y,DAP,0,0
EXCIP419,Mannitol,Hutchison MediPharma,CN,25.29,56.3,4479,1682,59.3,54,1133,75.5,3.7,N,CIF,763,30
EXCIP420,Hypromellose,BASF SE,DE,19.39,18.2,10305,1925,105.9,22,759,97.3,2.8,N,EXW,315,13
EXCIP421,Microcrystalline Cellulose,Aurobindo Pharma,IN,75.84,25.4,8701,2248,105.6,23,1132,82.4,2.3,N,CFR,194,11
EXCIP422,Magnesium Stearate,Solvay,BE,73.44,59.0,2007,1121,30.0,45,1197,66.9,-0.1,N,DAP,0,0
EXCIP423,Mannitol,Caldic BV,NL,27.97,16.2,4452,1380,45.7,27,1170,97.4,0.2,N,DAP,0,0
EXCIP424,Croscarmellose Sodium,Merck KGaA,DE,63.95,44.6,2739,702,24.2,54,799,113.2,-0.9,N,EXW,193,12
EXCIP425,Lactose Monohydrate,Esteve,ES,37.21,48.7,9442,1195,49.4,83,967,191.1,1.1,N,FCA,765,70
EXCIP426,Hypromellose,Lupin China,CN,50.5,33.5,953,318,10.1,87,1151,94.4,4.9,N,CIF,215,55
EXCIP427,Lactose Monohydrate,Flamma,IT,9.83,32.5,3223,1435,34.7,64,959,92.9,-1.1,N,DAP,0,0
EXCIP428,Magnesium Stearate,Mitsui Chemicals,JP,12.59,23.7,8173,4902,140.6,96,859,58.1,-1.1,Y,CIF,374,18
EXCIP429,Microcrystalline Cellulose,UCB,BE,78.67,48.8,10201,4640,129.1,71,953,79.0,2.3,N,FCA,3094,42
EXCIP430,Mannitol,AkzoNobel,NL,51.03,36.3,5849,1846,120.8,58,1176,48.4,0.5,N,EXW,1706,30
EXCIP431,Mannitol,Merck KGaA,DE,73.28,42.4,4655,2895,87.9,18,1230,53.0,2.3,Y,FCA,271,13
EXCIP432,Croscarmellose Sodium,Zhejiang Hisun,IN,38.03,56.8,5398,2681,94.8,19,1181,56.9,2.1,N,CIF,330,15
EXCIP433,Lactose Monohydrate,Evonik,DE,36.6,24.0,3888,1267,68.9,19,909,56.4,-1.7,N,EXW,315,10
EXCIP434,Magnesium Stearate,Lupin China,CN,33.17,46.1,2715,730,41.9,58,851,64.8,6.4,N,FOB,601,24
EXCIP435,Mannitol,DSM,NL,64.96,21.7,7935,1770,114.5,45,813,69.3,2.2,N,DAP,0,0
EXCIP436,Mannitol,AkzoNobel,NL,54.29,56.6,4295,2484,96.1,80,1091,44.7,-1.0,N,DAP,0,0
EXCIP437,Magnesium Stearate,Lupin China,CN,70.07,33.7,2436,947,34.3,58,770,71.0,9.7,N,CFR,460,33
EXCIP438,Croscarmellose Sodium,Bayer,DE,69.17,52.5,2128,2134,50.8,23,758,41.9,-1.4,N,EXW,135,18
EXCIP439,Mannitol,Esteve,ES,67.95,17.9,6080,3034,96.3,72,1213,63.1,-0.8,Y,DAP,0,0
EXCIP440,Lactose Monohydrate,Zhejiang Huahai,CN,12.38,20.0,28090,1993,116.9,18,1296,240.3,8.5,N,FOB,380,16
EXCIP441,Mannitol,DSM,NL,56.06,59.8,2888,1061,31.8,86,24,90.8,2.3,N,EXW,711,68
EXCIP442,Lactose Monohydrate,Pfizer CentreOne,US,10.07,24.2,9367,6321,143.6,87,995,65.2,9.5,N,DDP,0,0
EXCIP443,Microcrystalline Cellulose,Aurobindo Pharma,IN,41.99,27.0,87,736,17.4,20,1017,5.0,8.2,N,CIF,48,16
EXCIP444,Microcrystalline Cellulose,Zhejiang Huahai,CN,23.21,41.4,2672,1496,41.3,16,1241,64.7,12.0,Y,FOB,230,10
EXCIP445,Hypromellose,Caldic BV,NL,70.94,55.7,7576,4894,123.6,49,815,61.3,2.6,Y,FCA,1552,27
EXCIP446,Magnesium Stearate,Pfizer CentreOne,US,34.71,35.7,26393,3023,94.7,71,1243,278.7,10.3,N,DAP,0,0
EXCIP447,Croscarmellose Sodium,Zhejiang Huahai,CN,10.6,49.0,10615,4281,110.3,53,865,96.2,6.1,N,FOB,1601,45
EXCIP448,Lactose Monohydrate,Zhejiang Huahai,CN,32.47,22.9,7243,3263,106.1,32,1203,68.3,5.3,N,CIF,648,19
EXCIP449,Croscarmellose Sodium,DuPont,US,40.5,24.9,6300,1452,62.8,39,1052,100.3,11.4,N,DDP,0,0
EXCIP450,Magnesium Stearate,Caldic BV,NL,63.9,64.7,8303,2950,130.9,15,1310,63.4,1.1,N,FCA,468,7
CHEM451,Phosphate Buffer,Evonik,DE,29.91,48.7,2266,726,29.9,76,250,75.8,-0.3,N,FCA,295,16
CHEM452,Citric Acid,BASF SE,DE,25.08,23.8,5140,947,58.4,35,462,88.0,1.0,N,EXW,225,12
CHEM453,Sodium Chloride,DuPont,US,38.73,44.4,3637,462,43.8,78,221,83.0,7.3,N,DDP,0,0
CHEM454,Solvent A,Bayer,DE,3.04,21.9,5102,1790,64.8,49,404,78.7,-1.2,N,DAP,0,0
CHEM455,Phosphate Buffer,DSM,DE,12.36,28.2,1813,1266,49.6,74,285,36.6,-1.9,N,EXW,1052,25
CHEM456,Phosphate Buffer,Cipla Bulk,IN,33.14,55.9,3551,2113,70.8,17,4,50.2,4.7,N,CIF,209,7
CHEM457,Solvent B,Dr Reddy's,IN,28.32,44.7,1147,173,16.1,76,200,71.3,5.7,N,FOB,321,29
CHEM458,Solvent B,Flamma,IT,3.73,36.5,3474,610,53.1,55,291,65.4,-1.1,Y,FCA,655,20
CHEM459,Solvent A,Caldic BV,NL,12.89,46.0,4583,709,64.9,43,538,70.6,-0.7,N,FCA,806,18
CHEM460,Citric Acid,BASF SE,DE,21.03,42.0,7458,1566,67.1,39,3,111.2,3.7,N,EXW,577,8
CHEM461,Solvent B,SK Bioscience,KR,23.73,33.8,5109,1323,48.6,76,343,105.1,7.7,Y,CFR,393,9
CHEM462,Solvent B,Flamma,IT,34.46,54.1,20294,1667,69.3,71,405,292.8,-1.6,Y,DAP,0,0
CHEM463,Solvent A,Zhejiang Huahai,CN,38.05,63.9,6808,1984,72.0,24,493,94.6,3.2,Y,CFR,409,8
CHEM464,Solvent A,Solvay,BE,6.73,16.0,7116,2248,79.6,80,259,89.4,0.7,N,EXW,645,63
CHEM465,Citric Acid,Croda International,GB,16.92,19.8,2322,465,25.0,52,485,92.9,-1.8,N,DAP,0,0
CHEM466,Sodium Chloride,DSM,DE,23.68,55.4,1058,1291,71.5,62,324,14.8,3.2,N,FCA,982,17
CHEM467,Solvent B,Bayer,DE,3.91,15.6,1393,382,18.7,75,308,74.5,3.1,Y,EXW,207,7
CHEM468,Solvent A,Divi's Labs,IN,5.64,55.0,4025,711,41.9,32,203,96.1,8.2,Y,CIF,245,31
CHEM469,Phosphate Buffer,Bayer,DE,26.26,22.0,4930,1250,46.5,29,334,106.0,3.9,N,FCA,178,13
CHEM470,Sodium Chloride,Divi's Labs,IN,16.54,28.1,5348,1929,76.4,45,227,70.0,2.0,N,CIF,307,19
CHEM471,Sodium Chloride,UCB,BE,14.08,27.2,481,66,5.4,54,410,89.2,-0.4,N,DAP,0,0
CHEM472,Solvent A,UCB,BE,38.36,24.5,1507,257,18.7,47,214,80.6,1.7,N,FCA,230,37
CHEM473,Solvent A,Mitsui Chemicals,JP,32.58,51.0,1084,588,31.9,35,342,34.0,-2.0,Y,DAP,0,0
CHEM474,Phosphate Buffer,Mitsui Chemicals,JP,23.35,32.1,1543,1101,47.8,81,345,32.3,2.2,N,DAP,0,0
CHEM475,Citric Acid,Esteve,ES,18.27,36.3,8802,1362,79.3,67,335,111.0,1.2,Y,DAP,0,0
CHEM476,Sodium Chloride,Lupin China,CN,9.54,51.4,2441,1324,59.0,33,0,41.4,3.9,Y,CFR,316,6
CHEM477,Sodium Chloride,Lupin China,CN,19.48,64.5,3908,908,42.9,51,232,91.1,6.0,N,CFR,282,6
CHEM478,Potassium Carbonate,Pfizer CentreOne,US,30.5,34.1,4545,654,49.9,32,430,91.1,6.4,N,FCA,337,10
CHEM479,Phosphate Buffer,Merck KGaA,DE,6.31,39.3,1553,530,28.4,48,356,54.7,-0.6,N,EXW,256,8
CHEM480,Phosphate Buffer,Esteve,ES,33.85,43.3,3287,569,53.0,27,240,62.0,3.6,Y,DAP,0,0
CHEM481,Citric Acid,Zhejiang Hisun,IN,33.66,25.2,2952,1051,37.2,41,414,79.4,6.8,Y,CIF,185,36
CHEM482,Sodium Chloride,Evonik,DE,28.77,37.7,4272,1766,67.9,19,190,62.9,-0.7,N,FCA,320,5
CHEM483,Potassium Carbonate,Zhejiang Huahai,CN,26.94,52.5,744,144,9.4,72,211,79.3,7.6,N,CFR,112,69
CHEM484,Citric Acid,Janssen,BE,29.35,61.4,226,923,73.1,89,469,3.1,-0.3,N,DAP,0,0
CHEM485,Citric Acid,Caldic BV,NL,21.82,23.1,7049,1412,59.2,20,305,119.1,-1.1,N,DAP,0,0
CHEM486,Solvent A,DuPont,US,7.8,49.6,3804,1035,42.9,54,396,88.7,5.8,N,DDP,0,0
CHEM487,Phosphate Buffer,DSM,DE,9.0,57.3,4041,725,48.4,44,524,83.5,0.8,N,EXW,610,19
CHEM488,Solvent A,Esteve,ES,7.73,50.7,8309,1946,70.5,82,282,117.9,3.7,N,FCA,1628,43
CHEM489,Solvent B,Hutchison MediPharma,CN,31.0,36.7,1435,422,25.5,51,362,56.3,5.5,N,CFR,245,28
CHEM490,Solvent B,DSM,DE,15.64,36.6,1467,490,20.4,56,198,71.9,2.2,N,DAP,0,0
CHEM491,Potassium Carbonate,DSM,NL,35.28,29.6,2664,1089,39.7,67,451,67.1,3.3,Y,EXW,449,12
CHEM492,Potassium Carbonate,Alpek Polyester,MX,7.19,46.3,2054,636,28.9,24,465,71.1,1.3,Y,FCA,210,8
CHEM493,Phosphate Buffer,DSM,NL,21.94,24.7,3713,840,59.3,87,256,62.6,2.6,Y,FCA,1075,82
CHEM494,Citric Acid,Merck KGaA,DE,9.71,58.9,4937,1167,56.8,39,461,86.9,-1.9,Y,FCA,284,18
CHEM495,Solvent A,Flamma,IT,17.62,37.1,5278,290,13.2,83,362,399.9,3.1,N,FCA,267,43
CHEM496,Solvent A,Eternal Materials,US,10.57,22.7,4365,1344,56.8,49,286,76.9,6.9,N,DDP,0,0
CHEM497,Sodium Chloride,DSM,NL,30.38,38.6,3616,1438,59.3,52,445,61.0,-0.4,N,DAP,0,0
CHEM498,Potassium Carbonate,Pfizer CentreOne,US,29.97,62.7,2717,1550,70.0,44,384,38.8,2.5,Y,DAP,0,0
CHEM499,Potassium Carbonate,Zhejiang Huahai,CN,11.38,32.4,6144,1691,61.8,49,530,99.4,4.5,N,CFR,581,5
CHEM500,Phosphate Buffer,Caldic BV,NL,34.27,23.0,2085,1292,68.6,14,314,30.4,3.5,N,EXW,174,10
